medical coding course,
marketing internships,
tesla internship,
yoga instructor,
frm course,
nlp training,
marketing courses,
seo course,
salesforce training,
aws training and certification,
sales training,
wakefit internship,
coding courses,
best online courses,
data science internship,
niti aayog internship,
google online courses,
business analyst certification,
deloitte internship,
teaching courses,
ntt course,
flipkart internship,
sql course,
full stack developer course,
pmp course,
free online courses with printable certificates,
internshala trainings,
virtual internship,
learn excel,
icf coaching,
hr courses,
training center,
finance internships,
kpmg internship,
vestibule training,
pmp training,
issa certification,
social media marketing course,
tableau training,
product management courses,
ui ux design course,
beauty courses,
networking courses,
ux design course,
java course,
sensitivity training,
internship program,
cloud computing courses,
training needs analysis,
product management certification,
induction training,
facebook internship,
online computer courses,
azure training,
computer institute near me,
computer courses near me,
aws course,
cbse training,
public speaking courses,
free course site,
advanced excel course,
jp morgan internship,
azure devops certification,
skillshare courses,
cbap certification,
remote internships,
apprenticeship training,
soft skills training,
fostac,
best free online courses,
cspo certification,
microsoft excel certification,
digital marketing internship,
online training courses,
paid internship,
diploma courses after 12th,
cyber security training,
online marketing courses,
apple internships,
data analyst internship,
mechanical engineering internships,
logistics courses,
safe agile certification,
professional training,
safety training,
adobe certification,
personality development course,
online yoga teacher training,
virtual training,
photoshop course,
ey internship,
azure administrator,
un internships,
google ads course,
fire and safety course,
morgan stanley internship,
hr internships,
microsoft courses,
free course,
finance courses,
