unesco free online courses, 
cornell university free online courses,
bosch internship,
harvard free coding class,
free online courses with certificate of completion harvard,
stanford university free online courses with certificates,
john hopkins free online courses,
online course harvard,
python intern,
csir internship 2021,
harvard online courses certificate,
mit free courses with certificate,
mit free online courses with certificates,
free online courses with certificate harvard,
harvard university online course,
internshala summer internship,
iit madras summer internship 2021,
iit bombay internship,
learning harvard edu free,
iit bombay internship 2021,
internshala internship certificate,
free online course harvard,
isro gis course,
best python certification course,
oxford home study free online courses with certificates,
iit internship,
internshala trainings,
python internship,
stanford free courses,
oxford university free online courses with certificate,
python developer internship,
harvard free course,
open university free online courses,
oxford university free online courses,
oxford free online courses,
european open university free courses,
oxford university online free courses,
cambridge university free online courses,
cambridge free online courses,
iit internship 2021,
oxford free courses,
open university free courses during lockdown,
isro free course,
iit bombay free online certificate courses,
python coding competition online,
internship,
python internship work from home,
python classes near me,
national fire academy,
iit free online certificate courses,
aicte free courses,
online python competition,
cfa course,
iit free online courses with certificates,
cfa free course,
industrial training institute,
open learn free courses,
free online python course for beginners with certificate,
internshala internship,
python online course certification free,
cfa free online course,
niit courses,
python course online free with certificate,
free python course with certificate,
isro certification course,
python certification course free,
open university free courses,
python free certification course,
internshala training,
british council free courses,
iit summer internship 2021,
python free course with certificate,
iirs certificate course,
python certification free,
python course free with certificate,
iirs online course,
acca online courses free,
acca internship,
django internship,
python free online course with certificate,
british council online courses free,
aicte free course,
internshala register,
internshala careers,
issa certification,
free training,
web development internship internshala,
iirs online certificate course,
django free course,
free bartending course online with certificates,
internshala internship work from home,
internshala work from home jobs,
internshala free courses,
nus internship,
python contest online,
bartender course,
internshala jobs,
internshala app,
acca course,
aicte free online courses,
